original,organism,accession,sequence
DS1-1_DN0_c7_g1_i1.p1,Mycolicibacterium phage J1,QXN67727.1,MPPNLGGFFMVRSYYPSECHADYFDFERIEALKPAIEACGISTLSQSPMLGFHKQMDNRIKLLEEILSFRMQGVEFDNGDMYVDGHKAASDVRDEFVSVTEKLMDELAQCYNVLPQLDINNTIDHRPEGDEKWFLENEKTVTQFCRKLAAERPLKDIRDEYNYPKKKGIKDECSRLLEASTMKSRRGFAIQRLMNAMRQAHADGWFIVFDTLTLADDRLEAFYDNPNALRDYFRDIGRMVLAAEGRKANDSHADCYQYFCVPEYGTANGRLHFHAVHFMRTLPTGSVDPNFGRRVRNRRQLNSLQNTWPYGYSMPIAVRYTQDAFSRSGWLWPVDAKGEPLKATSYMAVGFYVAKYVNKKSDMDLAAKGLGAKEWNNSLKTKLSLLPKKLFRIRMSRNFGMKMLTMTNLSTECLIQLTKLGYDATPFNQILKQNAKREMRLRLGKVTVADVLAAQPVTTNLLKFMRASIKMIGVSNLQSFIASMTQKLTLSDISDESKNYLDKAGITTACLRIKSKWTAGGK*
DS1-1_DN0_c7_g1_i1.p3,Enterobacteria phage WA10,AAZ49222.1,MSNIQTGAERMPHDLSHLGFLAGQIGRLITISTTPVIAGDSFEMDAVGALRLSPLRRGLAIDSTVDIFTFYVPHRHVYGEQWIKFMKDGVNATPLPTVNTTGYIDHAAFLGTINPDTNKIPKHLFQGYLNIYNNYFKAPWMPDRTEANPNELNQDDARYGFRCCHLKNIWTAPLPPETELSRQMTTSTTSIDIMGLQAAYANLHTDQERDYFMQRYHDVISSFGGKTSYDADNRPLLVMRSNLWASGYDVDGTDQTSLGQFSGRVQQTYKHSVPRFFVPEHGTMFTLALVRFPPTATKEIQYLNAKGALTYTDIAGDPVLYGNLPPREISMKDVFRSGDSSKKFKIAEGQWYRYAPSYVSPAYHLLEGFPFIQEPPSGDLQERVLIRHHDYDQCFQSVQLLQWNSQVKFNVTVYRNLPTTRDSIMTS*
DS1-1_DN0_c7_g1_i1.p5,Enterobacteria phage ID45,AAZ49103.1,MFGAIAGGIASALAGGAMSKLFGGGQKAASGGIQGDVLATDNNTVGMGDAGIKSAIQGSNVPNPDEAVPSFVSGAMAKAGKGLLEGTLQAGTSAVSDKLLDLVGLGGKSAADKGKDTRDYLAAAFPELNAWERAGADASSAGMVDAGFENQKELTKMQLDNQKEIAEMQNETQKEIAGIQSATSRQNTKDQVYAQNEMLAYQQKESTARVASIMENTNLSKQQQVSEIMRQMLTQAQTAGQYFTNDQIKEMTRKVSAEVDLVHQQTQNQRYGSSHIGATAKDISNVVTDAASGVVDIFHGIDKAVADTWNNFWKDGKADGIGSNLSRK*
DS1-1_DN1038_c0_g1_i1.p1,Bacteriophage sp.,UVX73923.1,MDYYKPRYNVLKIAGSSSGFRHSIETINKLKELFKKESHPKYGTVSSPETINAIAQGIKEFYLTHSHPSKGLKGKLSPQYGIGGKSVFCYNQKGEELIFPS
DS1-1_DN1186_c0_g1_i1.p1,Streptomyces phage Genie2,QAY08779.1,LLIIYVKITMTWRKPAGVRSIHTSEASQRLHAGDLTYAYLVGLFEGDGYFTITKKGKYLTYELGIELSIKDVQLVYKIKNILGVGVVSFRVRNNLEMVALRIRDKAHLKGFILLIFDK
DS1-1_DN131_c0_g1_i1.p1,Fusarium graminearum negative-stranded RNA virus 1,UNG44335.1,MDFSELFDPGDEGPVRSSAAAEKHLRSPILASLLNRIREFASEVMIEQEKDRGGAGVKYIPREVSHLIQKVARKSSKFSYSSLPRLVEPWLKDLPLVSQVPEIVTPDVYPDLFSRTLGSTIALEESWKEAFELYHKELDAFAKWGELPEIKTYIEKERSHVPILSKSTYLSYEQYRYWDLIVERYRFQKKNEKFGANPFKVGDSRFFFYDGFIMEQIGVPVLETKEGRVIKRRAPERRLYTFEQIQMLQDSCLARFNAYLAINNHMHNSAEDMESLLTRLLKWQESVLRIYGNLGYELVKGPESVAKAYLTKITNGDVMDVGSFERTVNKLKTKERKLAKKRHSENPPSRLRGLAKTPLTDELAQIIVDSSDIWSCAELFGCTKLSGHPFVYAEVSAESVRSEGCPQANYDLLAITEHHRHFMHIVLERYLSKHKTWPPFFKNQHPKEGTKLRHLYDHDVKHVPKGSYPLSDWDDVEFGKFMEFDFSPDYLDMIDDKAICPGASKSAGFWYKNEPGSYRRLLEALIKKKDIDTVAIVERMRKGMFYLEERIIELTQKEREFKTSARCFCKLVFEVRIFFVLTEANLKRFMGGDTGDNGYMPQQTMTMSNSKLRKRLYDLTSNKKRSNTCLVEVDFTRWNLRWRAASVNRIARSLEKIFGLIGVFSQAHTFFASSTVVLTDKHSCPEGVKSGMPAHLWPESDLVWRNHVGGFEGIQQTLWTVCTIAMMYYALSEEDCSFQMAGQGDNQVFYVSFDLSRTTLKDALSKFLNNMERRCERLNHEVKPEECVDSTTVLTYGKEIYVNGVHVLYSLKFSSRAFARLDNSIPSLSKEIAGVVANSVAVSGTLRNTFRAVWWKFIQVLLLLRRRMNSPIYVAEKPAIKRLLESRVSRETLLIPGSLGGLPMMPWTRYFSKGETDDVSFDVAATYYLSKSVSLIRNYMSLLIQGEFTAREVDQANLINDPHSIPIERPNDASHLVADIVGKELPKIVINSDLKPLVQPSLKNKGESFKRELLKMKPLYPEIASDLFALTPAGLYQKTVKRFSMTRTIEKIVPGTDVSSDILSANCLQLKVLLSRVAGSSKAIGYAHPKPYEAAEKLRELWGVELKNSSVGIYTPFDFELCRYSPRYPTISAHAKYGTRLLDEHGSCPPNFGTQTKQKVSDHGYRIVNCNSTMRDLKQAALIYSELQADPSTKPFVEAIVSARSPWNLTQLIPLFPTVYGGTAVHRHAASRHSFAMLGSCSLSTHVTLSSDNAGILSGGEDDYPVIFQTIFLTLTNLYQLISAQNIDSPNSIAVRIPDVLSQIDSQPVTVPNSLDVPTWPALRGNRLAWVEEMFASEVPTIPDPELIRRIYDIENDVDLIYSYLESEVAPNLSSTKVWDGIMQPRDIFDFKEISRVDPYDVEQALCWCAITEIFNEVLSYDVGEAVTGHLSSILKRVVTILAGMWVRIRLHPMFAESNYNHRRHISLQPGANGYRRPVEYMASYLRREIKTILEDKTTISIPRLVLFANWKETTQTTASRRLVLLHILALYPTVDLSKLKECVQLSKPPSALLQRDPASYLHVSTRTISRKVRHLDYQLPYSECRFLNMSSKEAMRLLRSRSERDNPKSIKKPEFKISNHGFLKWKNIPMSGIMRPPPDVSRVSDSSRLRVLTRRVVGPYSPLYSDWNVILSNIIKREKIQDVTSHLFGVGRGATARVMCELDIRCVGYDLLSSFPDLAHRSAGYKPPELQHTDRGSLFTWSSHTFLKDGNVMENDLDISIEPYDEVISIVDLDLPYGQVLNLISRLPPRSKCVARIKGSELEIRYCLSVLNPSDVIALTNDNGEIKDTVFIIKSVQAIGLGNYETVEFSKRQELTYTYNRADTLMQLWNVYPELTRYLEIRENDSLVLVREKLLDIRDGSPGPEDVLNSTRLILRDIRPKDIPVGRYFRIKAVLDRIIK
DS1-1_DN1_c10_g1_i1.p3,Enterobacteria phage WA10,AAZ49222.1,MSNIQTGAERMPHDLSHLGFLAGQIGRLITISTTPVIAGDSFEMDAVGALRLSPLRRGLAIDSTVDIFTFYVPHRHVYGEQWIKFMKDGVNATPLPTVNTTGYIDHAAFLGTINPDTNKIPKHLFQGYLNIYNNYFKAPWMPDRTEANPNELNQDDARYGFRCCHLKNIWTAPLPPETELSRQMTTSTTSIDIMGLQAAYANLHTDQERDYFMQRYHDVISSFGGKTSYDADNRPLLVMRSNLWASGYDVDGTDQTSLGQFSGRVQQTYKHSVPRFFVPEHGTMFTLALVRFPPTATKEIQYLNAKGALTYTDIAGDPVLYGNLPPREISMKDVFRSGDSSKKFKIAEGQWYRYAPSYVSPAYHLLEGFPFIQEPPSGDLQERVLIRHHDYDQCFQSVQLLQWNSQVKFNVTVYRNLPTTRDSIMTS*
DS1-1_DN1_c10_g1_i1.p4,Enterobacteria phage WA10,AAZ49222.1,MSNIQTGAERMPHDLSHLGFLAGQIGRLITISTTPVIAGDSFEMDAVGALRLSPLRRGLAIDSTVDIFTFYVPHRHVYGEQWIKFMKDGVNATPLPTVNTTGYIDHAAFLGTINPDTNKIPKHLFQGYLNIYNNYFKAPWMPDRTEANPNELNQDDARYGFRCCHLKNIWTAPLPPETELSRQMTTSTTSIDIMGLQAAYANLHTDQERDYFMQRYHDVISSFGGKTSYDADNRPLLVMRSNLWASGYDVDGTDQTSLGQFSGRVQQTYKHSVPRFFVPEHGTMFTLALVRFPPTATKEIQYLNAKGALTYTDIAGDPVLYGNLPPREISMKDVFRSGDSSKKFKIAEGQWYRYAPSYVSPAYHLLEGFPFIQEPPSGDLQERVLIRHHDYDQCFQSVQLLQWNSQVKFNVTVYRNLPTTRDSIMTS*
DS1-1_DN1_c10_g1_i1.p5,Enterobacteria phage ID45,AAZ49103.1,MFGAIAGGIASALAGGAMSKLFGGGQKAASGGIQGDVLATDNNTVGMGDAGIKSAIQGSNVPNPDEAVPSFVSGAMAKAGKGLLEGTLQAGTSAVSDKLLDLVGLGGKSAADKGKDTRDYLAAAFPELNAWERAGADASSAGMVDAGFENQKELTKMQLDNQKEIAEMQNETQKEIAGIQSATSRQNTKDQVYAQNEMLAYQQKESTARVASIMENTNLSKQQQVSEIMRQMLTQAQTAGQYFTNDQIKEMTRKVSAEVDLVHQQTQNQRYGSSHIGATAKDISNVVTDAASGVVDIFHGIDKAVADTWNNFWKDGKADGIGSNLSRK*
DS1-1_DN1_c10_g1_i1.p6,Enterobacteria phage ID45,AAZ49103.1,MFGAIAGGIASALAGGAMSKLFGGGQKAASGGIQGDVLATDNNTVGMGDAGIKSAIQGSNVPNPDEAVPSFVSGAMAKAGKGLLEGTLQAGTSAVSDKLLDLVGLGGKSAADKGKDTRDYLAAAFPELNAWERAGADASSAGMVDAGFENQKELTKMQLDNQKEIAEMQNETQKEIAGIQSATSRQNTKDQVYAQNEMLAYQQKESTARVASIMENTNLSKQQQVSEIMRQMLTQAQTAGQYFTNDQIKEMTRKVSAEVDLVHQQTQNQRYGSSHIGATAKDISNVVTDAASGVVDIFHGIDKAVADTWNNFWKDGKADGIGSNLSRK*
DS1-1_DN205_c0_g1_i1.p1,Bacteriophage sp.,UVX74785.1,NGNCYVGSSISLANRLTTGYFVPVLGKRKIDLAITDSGLSLFYLDLLVLPSELLVSKSVDGEDIMVSMVKLKNLTLALEQILLLERNPEYNVLKVAGSPAGLKRTAESMLPSFTRNSKPVYLYDNLNKELIYKSKSLTDLACLLKLTVANLSSYITNSTLYLNQFLFSRILINSEEYSTNLIDEDSLLSNIDNIRRARKKDIMKQVDSTRLATISKISKGIELTNLKTNEVIVLKSINETARYIRGLNPDYKCSPGMVSDCSSKGIIYKGLFKLKRV*
DS1-1_DN23_c0_g2_i1.p3,Fusarium graminearum negative-stranded RNA virus 1,UNG44335.1,MDFSELFDPGDEGPVRSSAAAEKHLRSPILASLLNRIREFASEVMIEQEKDRGGAGVKYIPREVSHLIQKVARKSSKFSYSSLPRLVEPWLKDLPLVSQVPEIVTPDVYPDLFSRTLGSTIALEESWKEAFELYHKELDAFAKWGELPEIKTYIEKERSHVPILSKSTYLSYEQYRYWDLIVERYRFQKKNEKFGANPFKVGDSRFFFYDGFIMEQIGVPVLETKEGRVIKRRAPERRLYTFEQIQMLQDSCLARFNAYLAINNHMHNSAEDMESLLTRLLKWQESVLRIYGNLGYELVKGPESVAKAYLTKITNGDVMDVGSFERTVNKLKTKERKLAKKRHSENPPSRLRGLAKTPLTDELAQIIVDSSDIWSCAELFGCTKLSGHPFVYAEVSAESVRSEGCPQANYDLLAITEHHRHFMHIVLERYLSKHKTWPPFFKNQHPKEGTKLRHLYDHDVKHVPKGSYPLSDWDDVEFGKFMEFDFSPDYLDMIDDKAICPGASKSAGFWYKNEPGSYRRLLEALIKKKDIDTVAIVERMRKGMFYLEERIIELTQKEREFKTSARCFCKLVFEVRIFFVLTEANLKRFMGGDTGDNGYMPQQTMTMSNSKLRKRLYDLTSNKKRSNTCLVEVDFTRWNLRWRAASVNRIARSLEKIFGLIGVFSQAHTFFASSTVVLTDKHSCPEGVKSGMPAHLWPESDLVWRNHVGGFEGIQQTLWTVCTIAMMYYALSEEDCSFQMAGQGDNQVFYVSFDLSRTTLKDALSKFLNNMERRCERLNHEVKPEECVDSTTVLTYGKEIYVNGVHVLYSLKFSSRAFARLDNSIPSLSKEIAGVVANSVAVSGTLRNTFRAVWWKFIQVLLLLRRRMNSPIYVAEKPAIKRLLESRVSRETLLIPGSLGGLPMMPWTRYFSKGETDDVSFDVAATYYLSKSVSLIRNYMSLLIQGEFTAREVDQANLINDPHSIPIERPNDASHLVADIVGKELPKIVINSDLKPLVQPSLKNKGESFKRELLKMKPLYPEIASDLFALTPAGLYQKTVKRFSMTRTIEKIVPGTDVSSDILSANCLQLKVLLSRVAGSSKAIGYAHPKPYEAAEKLRELWGVELKNSSVGIYTPFDFELCRYSPRYPTISAHAKYGTRLLDEHGSCPPNFGTQTKQKVSDHGYRIVNCNSTMRDLKQAALIYSELQADPSTKPFVEAIVSARSPWNLTQLIPLFPTVYGGTAVHRHAASRHSFAMLGSCSLSTHVTLSSDNAGILSGGEDDYPVIFQTIFLTLTNLYQLISAQNIDSPNSIAVRIPDVLSQIDSQPVTVPNSLDVPTWPALRGNRLAWVEEMFASEVPTIPDPELIRRIYDIENDVDLIYSYLESEVAPNLSSTKVWDGIMQPRDIFDFKEISRVDPYDVEQALCWCAITEIFNEVLSYDVGEAVTGHLSSILKRVVTILAGMWVRIRLHPMFAESNYNHRRHISLQPGANGYRRPVEYMASYLRREIKTILEDKTTISIPRLVLFANWKETTQTTASRRLVLLHILALYPTVDLSKLKECVQLSKPPSALLQRDPASYLHVSTRTISRKVRHLDYQLPYSECRFLNMSSKEAMRLLRSRSERDNPKSIKKPEFKISNHGFLKWKNIPMSGIMRPPPDVSRVSDSSRLRVLTRRVVGPYSPLYSDWNVILSNIIKREKIQDVTSHLFGVGRGATARVMCELDIRCVGYDLLSSFPDLAHRSAGYKPPELQHTDRGSLFTWSSHTFLKDGNVMENDLDISIEPYDEVISIVDLDLPYGQVLNLISRLPPRSKCVARIKGSELEIRYCLSVLNPSDVIALTNDNGEIKDTVFIIKSVQAIGLGNYETVEFSKRQELTYTYNRADTLMQLWNVYPELTRYLEIRENDSLVLVREKLLDIRDGSPGPEDVLNSTRLILRDIRPKDIPVGRYFRIKAVLDRIIK
DS1-1_DN286_c0_g1_i1.p1,Bacteriophage sp.,DAR02120.1,MEIKPVRLELPIVNKEEFLNLVGKYSRGGNKGVAGVYIFTNKSNGYSYVGSSISLANRLSTGYFKPTLGKRKIDLAITSLGLDSFHLDLYILPSDLFQNSANVVDKSKTSLFFSKTKQLTLALEQIFLLVYNPEYNILKVAVKKKEKKKKKIKSE
DS1-1_DN31_c0_g1_i1.p1,Botrytis cinerea negative-stranded RNA virus 5,YP_010800334.1,FPELIPRMKRQVEIQENLICEFGDKGYEIAKAPEALGKCLLSVRCNDPFTKSYTNMIIKYEEKEKDLGIIPHYTQDFVRNLEECRNLREISELSGLIKMCSYPVVDPRAGGRSAQEHATGDGNLDVDELFNTKHRLAEMILRGYVEEHADWPPLEFQPGAEKTKLYKLYQKRKPILQRNSYPLDDW
DS1-1_DN34_c0_g1_i2.p2,Aeromonas phage BUCT552,QVW27843.1,SPFNVTSRRLDVLLSPFNVTSLRLDIFLSPFNVTSLRLDIFLSPFNVTSLRLDVFLSPLNVTSLDWLNVFLCPFDISFERASHSGGNESENSDDGSGLHFEIKCFLLEKRSEDREVGSWGV
DS1-1_DN34_c0_g1_i3.p1,Vibrio phage VH1_2019,QHJ74535.1,HSPTSNFSIFRPLLQQKTLYLKMKTATVITVFGLVAATMAGPLKRDVEWTEKYVKPVEARDVEWTEKYVKPEARDVEWTEKYVKPEARDVEWTEKYVKPEARDVEWTEKYVKPEARDVEWTEKYVKPAARDVEWT
DS1-1_DN34_c0_g1_i3.p2,Aeromonas phage BUCT552,QVW27843.1,SPFNVTSRRLDVLLSPFNVTSLRLDIFLSPFNVTSLRLDIFLSPFNVTSLRLDVFFSPFNVTSLRLDVFLSPLNVTSLDWLNVFLCPFDISFERASHSGGNESENSDDGSGLHFEIKCFLLEKRSEDREVGSWGV
DS1-1_DN39_c0_g1_i1.p1,Caudoviricetes sp.,XOS71943.1,MQYSISNLNAFIILISIGFSLYYYVNDNEEYKELADKNNSPIQLISQMQGYFYINPVLALSLTITIFSFVGIPPLIGFFAKQMVLSAALDSGYVFLTLVGILTSVISAVYYLNIVKQVFFDKPEYKINPEIENINLHGSIIKNNLLIKKLTFKLNNIVLSSSLTITISILTLIIVLFIFTPQE*
DS1-1_DN39_c0_g1_i3.p1,Caudoviricetes sp.,XOS71943.1,MQGYFYINPVLALSLTITIFSFVGIPPLIGFFAKQMVLSAALDSGYVFLTLVGILTSVISAVYYLNIVKQVFFDKPEYKINPEIENINLHGSIIKNNLLIKKLTFKLNNIVLSSSLTITISILTLIIVLFIFTPQE*
DS1-1_DN503_c0_g1_i1.p1,Caudoviricetes sp.,XOR22607.1,FSRWDATYDHTVVEKLLKEAIRESPLNLHEDAVLKDVSRPCRSFVITTKLDKHSSSPIIMRSYDLDEDRESSVKIWEAGRATSAAPTYFKPITINNDRYSDGGTIANNPSHHAIMEAAKIWKLD
DS1-1_DN50_c0_g1_i1.p1,Moss associated botourmia-like virus 88,WPR16894.1,PGAVWEEAFKILRPFINSTSAPRYQMSRGQMMGSVLSFPLLCLQNYCATTYILGSRPMLINGDDLLTRVTEREYKEWLRRLPELGLKPSFGKCGLSRSFITINSTYFRLECREGIRRLPFCRLKTSLKG
DS1-1_DN51_c0_g1_i4.p1,Virus NIOZ-UU159,QPI16665.1,LATSTDVEKIRMPAISTDAEKIRMLATSTDVEKIRMPAISTDAEKIRMLATSTDVAKIRMPATCTEDRWIRHNISLDNSRTQAYTIAEHFKAESSALGIGVLQIGAIFCQYGMLRVLVDSLNMVSALLQHSFHYCCLPHVVRSAH*
DS1-1_DN53_c0_g1_i1.p1,Sclerotinia sclerotiorum negative-stranded RNA virus 10,QUE49122.1,SVGLCYLNSPKFKLYLEIDLTRWNLLMRGPAINRVGFVLNEIYGIPAYTVVHPFFENCQMLVRVPGLKPDGMTAGCTSLPNSDLAWGHGSKKHQGGGEGIAQKQWTMFTIAVCDNGM
DS1-1_DN558_c2_g1_i1.p1,Sclerotinia sclerotiorum negative-stranded RNA virus 8-A,AWY11041.1,SLFRIADENYTRELQEALVSADPFYPLPLHDILKSSAVGIRQEFETMFTSTRTLQDLASIDRRVDFGGNTMSQDLKNVRFSFSLAQMSIDHNLRSKYDSIFNTMEKLRSYWFTDKRKLEGVTTLNPFDSRLEYSKSTQGVMGLFTCDPEVARSSDCRTLPPPPPPP
DS1-1_DN57_c0_g1_i1.p1,Moss associated botourmia-like virus 88,WPR16894.1,TFNACSEGGREGLGAYNVVTKQELEDIALGKQQIKNYDCKLMSIVSAGKARALVKTPATWAGLKPLHECIYDIISEEDWLLRGEPSLERISRIAKGREKTELFLSGDYESATDYLSIEIAEIILRAIQETNG
DS1-1_DN675_c0_g1_i1.p1,Severe acute respiratory syndrome coronavirus 2,7X8Z_H,ELGSATMDWTWRILFLVAAATGTHAEVQLLESGGGLVQPGGSLRLSCAASGFTFSSYAMNWVRQAPGKGLEWVSAITMSGITAYYTDDVKGRFTISRDN
DS1-1_DN749_c0_g1_i2.p1,Botrytimonavirus sp.,XQZ68971.1,MALLWSQLPGDTNWRNLIKSVVETRVGVDFNNVIRIMPHVFGGMPGHRYDAMESRKKFALSCPYTTSTNLLLSTDNTGELTAGYDDYPIAFQEWMCVLTFAANIHSYNRRSGRVLDRRTVER*
DS1-1_DN766_c0_g1_i1.p1,Terrapene box turtle adintovirus,YP_010796957.1,PIKVVIDSVKSEKNVMFGTIDLETYRALDGYIRVYAAGFKTSEDIFTYYIDKNTMNYNDVVLECINDMLKPCYNKYVFYAHNFSGYDAPFILKTLSEYNTKMGSEIYTIKTLFRDNRIISMEISKRYFVEGSDSKGRIVKIKILDSLLMLNKSLDKLGEYFKVDVVKGVFPHKFAEYKTLFYKGDTPHIDN
DS1-1_DN778_c0_g1_i1.p1,uncultured phage cr12_1,YP_010509584.1,VGTPKTRGLKAGVYIFTHLVSGSQYVGSSNSLSRRLDQYFTFKQFNQENSGQLLPLMKKEGFNKFSLEIFVMPSEFSSDYYFLFLEQYHLLNKRFNLNTQRI
DS1-1_DN809_c0_g1_i1.p1,Caudoviricetes sp.,XOR37882.1,GRETICRVTGGMKVKADRDESSPYAAMLAAQDVAARCKELGITALHIKIRATGGNGTKTPGPGAQSALRALARTGMKIGRIEDVTPTPSDSTRRKGGRRGRRL*
DS1-1_DN822_c0_g1_i1.p1,Prokaryotic dsDNA virus sp.,QDP51836.1,RFILTQHARDEDFLRSLIFTLNCGRYIPKSGYGEFIVEKFTDVSNKVIPIFEEFKLHGIKSQNFEDFKKVALLMKNKVHLTREGLDEIKKIKGGMNKSRLY*
DS1-1_DN90_c0_g1_i1.p1,Bacteriophage sp.,UVX73923.1,MEIKPVRLELPIVNKEEFLNLVGKYSRGGNKGVAGVYIFTNKSNGYSYVGSSISLANRLSTGYFKPTLGKRKIDLAITSLGLDSFHLDLYILPSDLFQNSANVVDKSKTSLFFSKTKQLTLALEQIFLLVYNPEYNILKVAGSPAGIKRTPESMINNFIVNSKPLFMYDTVN
DS1-1_DN918_c0_g1_i1.p1,Mitovirus sp.,QDH86957.1,IDGDGSFYLTKNGYASLEITMDMRDEHALHIIKNVYGGSVKLVSGAKALRYSLRHKEGFLALVNDVNGEIRNSYRLIQLNKICLKYGVTLIYPEKLIYENG*
